Username,Password,EmailAddress,CCNumber,GivenName,NationalID
Giarised,ooHu9jie,RobertMTrotter@teleworm.us,5447683091967755,Robert,436-68-7652
Pributamon,Dei0eidae3K,EvaJHubler@gustr.com,4556100896534789,Eva,152-90-7414
Betly1995,uyaiJ0ziy,ShenaDFelts@armyspy.com,4916716044372841,Shena,193-64-3024
Eftery1956,iPeeso5eifai,DonaldMRuhland@fleckens.hu,5147858763686981,Donald,621-38-2041
Dencest,Eal1vahZ,NatashaTEpperson@einrot.com,4556530079653867,Natasha,547-91-6478
Ingesecition,Koocah1su4oh,JenniferSRoman@dayrep.com,5363459396468215,Jennifer,028-72-9582
Durfult,Shiokoo1,DarwinDNilles@cuvox.de,4929028692851059,Darwin,483-07-2390
Hused1932,xieji7eGh,PhillipBWilliams@einrot.com,5149497616397294,Phillip,142-48-7491
Antene,Aetha5eix,KentJDangelo@teleworm.us,5235594611765098,Kent,213-88-3717
Satifer,theeSh8ou,IrisRGoulet@superrito.com,5102260034671806,Iris,768-16-2895
Somets,iaNie3keegh,EmmaPGregory@jourrapide.com,5565628934927728,Emma,296-02-3720
Jectieut,kuP0ahz2ae,MarilynSTardiff@rhyta.com,4716773147412836,Marilyn,336-14-1087
Relithis,Liet7phiah,AngelaLCapel@gustr.com,4532142339541301,Angela,520-45-4830
Therstund,ieroh3AeY,SophieGHarris@rhyta.com,5557485293938238,Sophie,466-47-3812
Hinevis,Yo6aechoov,KristinaAMorris@einrot.com,4485400986649414,Kristina,448-38-7945
Dinen1956,eiyu0EN6th,RosariaRLee@teleworm.us,4539709959896539,Rosaria,292-10-3594
Forelut86,Bo1uufeip,FeliciaBJackson@fleckens.hu,4539866137756090,Felicia,562-02-7658
Peftere,kevieth0Ae,DannyMHicks@teleworm.us,5577872277836791,Danny,439-54-2893
Coadeet,Kae8iecei,RobertJSnow@superrito.com,4929618207669457,Robert,639-14-2015
Postard,Zaib8ej3beec,PaulineCBanks@teleworm.us,4485456401257928,Pauline,047-74-6092
Womaked,ohhahCh7e,LindaCStephens@gustr.com,5406862542141298,Linda,305-12-2177
Sirsomand46,eil3teel8Nah,MaryDSimmons@fleckens.hu,4929639981803419,Mary,425-73-5633
Whitis,eiPiew2ae,ModestaJWilliams@armyspy.com,5501158766307515,Modesta,135-42-0213
Pereadesen83,veNgai6oLigh,LynnRWoodley@gustr.com,5473314289418503,Lynn,697-03-4736
Prost1991,zeiwuQuaur9w,TenaLHicks@cuvox.de,4929519153170807,Tena,765-48-1150
Anionvely,Einie8aK3b,DebraVVance@armyspy.com,4532183853320441,Debra,009-24-1187
Minut1930,cei0ReiC,StevenRJensen@fleckens.hu,4532338735519921,Steven,511-07-9867
Liare1950,Ieyu4ra1Ie,SheliaJLynch@superrito.com,5556514265930443,Shelia,568-19-2024
Murets,Kegae4th,RaymondPPerez@jourrapide.com,4929163355454154,Raymond,324-56-7791
Ster1933,aeghee8Oos1,SarahEColman@superrito.com,5557001174978324,Sarah,279-62-2301
Burses,Jah6IM5ak1ch,GaryBPalmer@gustr.com,5432943727262428,Gary,641-03-0488
Rabliver,aeseS6ei,JeanMGilliam@armyspy.com,5332930538643954,Jean,767-28-1709
Afterew,aeyaigh6Ei,MargretPDalton@dayrep.com,5198178379252682,Margret,413-55-6358
Ofut1981,nieQuaela5ei,KathyAKeen@fleckens.hu,4539539726452997,Kathy,246-33-9918
Spito1991,phaiV9vi1pie,StacyJHubert@teleworm.us,5555500195461634,Stacy,334-82-6962
Gread1974,iiph6yieGh9,JamesMJones@einrot.com,4929709219426307,James,521-18-7735
Plor1934,tigheFahD2,RosemaryRKucharski@armyspy.com,4716782793809849,Rosemary,530-15-9523
Anday1937,Cheef6ei,KenyattaARoush@dayrep.com,5468485292303796,Kenyatta,667-26-7504
Forend,aerah9aeKoh,EdnaMPryor@teleworm.us,4532069127901738,Edna,021-84-2008
Coutiquather89,Gek3aewei3ae,SusanDHarris@superrito.com,5348337071962365,Susan,595-45-5112
Moson1946,Eishanae2,ElsaJHudson@dayrep.com,4556941265774690,Elsa,303-82-0174
Wituare,EeY0aeW4,KelleyMGresham@superrito.com,4532651217365468,Kelley,507-82-3094
Triated,aeBu0toTh,DorothyDHenry@rhyta.com,4485307623505729,Dorothy,019-74-1765
Mandearer86,Uphaega5ae,MerrieLDuncan@cuvox.de,5379132921321199,Merrie,533-39-5018
Speorne,baitaez6Fai,AdeleSSanders@teleworm.us,4916868870149213,Adele,066-62-7350
Woodyeal,Ee0beeng,RobertKSmith@superrito.com,4532557859493122,Robert,110-38-1367
Theek1976,Ijee4phoh7,HalVLane@jourrapide.com,5281278845535088,Hal,540-88-9633
Donted1952,baeSaevou2oh,SheliaDCraven@jourrapide.com,4539185316911784,Shelia,671-18-0333
Whysted1995,miegheiQu0th,BlancaKGore@armyspy.com,5560706930224517,Blanca,540-56-6155
Fortume,iWiet2ee,JoyceJJohnson@einrot.com,4532780847133036,Joyce,338-60-6119
Oldle1935,ebouji3oKei,MildredJScoggins@rhyta.com,5456419413627647,Mildred,592-89-7209
Phouter89,Ahnoh9engae,WalterKChristensen@gustr.com,5264415389612037,Walter,575-09-4358
Moseng,gaZu5Kaez8,LisaJCarter@einrot.com,5331871077337338,Lisa,440-13-7573
Safty1947,Hoo1iey6z,AnnRSwartz@jourrapide.com,5447361040364222,Ann,675-10-8694
Sull1973,ENeik3ohj,MichaelBPatel@dayrep.com,5123619368037717,Michael,230-87-7671
Enswearry,aer5daeJ5Y,RobertJThorson@superrito.com,4716930685102035,Robert,422-01-5883
Beldess,aoyie8Ee,DeweyLHutchings@teleworm.us,5449836278177105,Dewey,553-23-1961
Trushe,joh6eeth9Ae,AlbertCMeek@einrot.com,4556173471488986,Albert,311-50-0165
Ficy1936,XooZ8aiChao,CindyMShull@superrito.com,4556177195578261,Cindy,304-60-5292
Darke1974,he9aW9au,JackieBJohnson@cuvox.de,5480371944616724,Jackie,683-10-6747
Laze1968,nooFa8Raepoh,TimothyCBearden@dayrep.com,4539362160685802,Timothy,308-56-3910
Upone1985,aeT3Ohmia,AdolfoKSala@gustr.com,5259798010689772,Adolfo,391-34-4395
Onewarthill,ruuY5uChoo,HerbertJWilson@einrot.com,5377935890906606,Herbert,324-74-0992
Moldly,thei9lu4Quah,CarolynGWilkerson@cuvox.de,4916308761045501,Carolyn,770-32-3799
Moreats,shiNg6jo,AllanDMaxwell@rhyta.com,5354494393277013,Allan,619-16-6558
Therbanstook,Dea1thoo3,EmmaEGillies@fleckens.hu,5497458487269978,Emma,601-30-0247
Spattent,ohcu8ou6Bei,RubyJCannon@jourrapide.com,5599454217105290,Ruby,057-96-6185
Counde,Ciequeimei6,CarolBWilliams@jourrapide.com,4716651526587537,Carol,234-08-0214
Thabees1949,lohR1Shil,LeslieSCurran@cuvox.de,4716394861050387,Leslie,052-01-9178
Worning,quuu7Vie9t,RyanRCrockett@jourrapide.com,4916899848128047,Ryan,537-90-3674
Tromphe,shoTi3viez,DavidGMatthews@armyspy.com,5186781605442466,David,269-07-1368
Ranitall,mof7Ien9,CharlotteJBishop@gustr.com,4916041807377659,Charlotte,540-45-4394
Alar1989,Zaikohguj2o,OliviaDWillard@jourrapide.com,4485841448114945,Olivia,103-38-0572
Slesintsend,li4BiaShi3,BrentDSolis@superrito.com,5131562125567271,Brent,769-42-9690
Hapterk,Ias7ohth,EricHSmoot@dayrep.com,4485727477504157,Eric,401-38-0742
Linut1935,Oj3bahfiiree,PhillipLSarris@einrot.com,5111647538376693,Phillip,444-78-5034
Vistoad,xeej8iy7ooM,JanetDPeters@rhyta.com,4929606640892380,Janet,464-59-0313
Theause,chaeka2Cee3,AltonAWebb@cuvox.de,4539170734394102,Alton,464-24-6831
Selift,ohhiu5Ud,CynthiaGMacgregor@armyspy.com,4539866609816646,Cynthia,406-72-7820
Goofew,aim0Aefee4,GaryCRust@jourrapide.com,5442609235885913,Gary,020-10-5796
Wriedge,rahX0aingai,JosephAGrant@armyspy.com,4916041493112477,Joseph,542-90-4228
Waskepter,Aashoo1T,JohnAThomas@teleworm.us,4532850482291702,John,343-02-4889
Prands33,Ar7rieh1th,ArthurFUlloa@dayrep.com,4539706768014379,Arthur,169-18-2556
Defe1960,moF1Elule7ah,EricTTew@gustr.com,4485196746160789,Eric,071-30-4790
Suffed,eyePhoo5fai,KatherynDMabon@teleworm.us,5596464398288859,Katheryn,506-43-1058
Anibittly,Ino9erahxee,GeraldSBurke@einrot.com,5280031641125955,Gerald,763-01-4959
Explasom1965,ooT8uquiesah,BeverlyFMoseley@einrot.com,4716986378371360,Beverly,380-11-9777
Learfigh,ahs5oote4N,GretchenRPetty@armyspy.com,5291255823700130,Gretchen,017-10-9018
Cank1951,Vei7quie7,DorothyJNystrom@fleckens.hu,4539204460178841,Dorothy,641-72-1829
Daunded,uGh4ieph6th,RandyGAmos@cuvox.de,5147583212259947,Randy,529-27-6124
Plis1993,ud2piS2th,MaryCRichardson@rhyta.com,5189703081057086,Mary,592-73-6934
Ruseen,aiGae6ek9ae,EugeneMFields@teleworm.us,4929669483923498,Eugene,125-42-1674
Prampern,aeteeYoor2,MichaelSBaptist@armyspy.com,4716905307942265,Michael,382-62-1750
Afteptips,AhLiiD3ahng,KennethKTrent@armyspy.com,5266945038253690,Kenneth,520-15-1916
Lienly,nohToo1ee,JonathanJJohnson@superrito.com,5323992466028419,Jonathan,035-24-2902
Opate1986,iBai9ohw,PortiaEBreen@einrot.com,4539022197214584,Portia,494-17-2031
Tworn1951,rai3eYaed,AnnetteCMitchell@jourrapide.com,5423187733494465,Annette,552-82-5794
Dehe1949,ieZu6go1aequ,PatriciaAAcevedo@cuvox.de,5325112216607515,Patricia,278-16-6137
Knotlexcel,EeNgahhah7f,KaronWSimpson@einrot.com,4539085523591678,Karon,328-18-4118
Satho1963,Uo1aichie,BrentBHallman@superrito.com,5561985657608321,Brent,370-15-4838
